---,Ingreedients,Fuel,Result,RecepieID,Time
15,"((ItemID=12,Name=""None"",Amount=2,Quality=0,SwordPieces=((StaticMesh=None,ItemID=0,Quality=0),(StaticMesh=None,ItemID=0,Quality=0),(StaticMesh=None,ItemID=0,Quality=0),(StaticMesh=None,ItemID=0,Quality=0))))","((ItemID=10,Name=""None"",Amount=16,Quality=0,SwordPieces=((StaticMesh=None,ItemID=0,Quality=0),(StaticMesh=None,ItemID=0,Quality=0),(StaticMesh=None,ItemID=0,Quality=0),(StaticMesh=None,ItemID=0,Quality=0))),(ItemID=15,Name=""None"",Amount=3,Quality=0,SwordPieces=((StaticMesh=None,ItemID=0,Quality=0),(StaticMesh=None,ItemID=0,Quality=0),(StaticMesh=None,ItemID=0,Quality=0),(StaticMesh=None,ItemID=0,Quality=0))),(ItemID=9,Name=""None"",Amount=4,Quality=0,SwordPieces=((StaticMesh=None,ItemID=0,Quality=0),(StaticMesh=None,ItemID=0,Quality=0),(StaticMesh=None,ItemID=0,Quality=0),(StaticMesh=None,ItemID=0,Quality=0))))","((ItemID=13,Name=""None"",Amount=1,Quality=0,SwordPieces=((StaticMesh=None,ItemID=0,Quality=0),(StaticMesh=None,ItemID=0,Quality=0),(StaticMesh=None,ItemID=0,Quality=0),(StaticMesh=None,ItemID=0,Quality=0))))","0","0.500000"
16,"((ItemID=12,Name=""None"",Amount=5,Quality=0,SwordPieces=((StaticMesh=None,ItemID=0,Quality=0),(StaticMesh=None,ItemID=0,Quality=0),(StaticMesh=None,ItemID=0,Quality=0),(StaticMesh=None,ItemID=0,Quality=0))))","((ItemID=9,Name=""None"",Amount=4,Quality=0,SwordPieces=((StaticMesh=None,ItemID=0,Quality=0),(StaticMesh=None,ItemID=0,Quality=0),(StaticMesh=None,ItemID=0,Quality=0),(StaticMesh=None,ItemID=0,Quality=0))),(ItemID=10,Name=""None"",Amount=16,Quality=0,SwordPieces=((StaticMesh=None,ItemID=0,Quality=0),(StaticMesh=None,ItemID=0,Quality=0),(StaticMesh=None,ItemID=0,Quality=0),(StaticMesh=None,ItemID=0,Quality=0))),(ItemID=15,Name=""None"",Amount=2,Quality=0,SwordPieces=((StaticMesh=None,ItemID=0,Quality=0),(StaticMesh=None,ItemID=0,Quality=0),(StaticMesh=None,ItemID=0,Quality=0),(StaticMesh=None,ItemID=0,Quality=0))))","((ItemID=4,Name=""None"",Amount=1,Quality=0,SwordPieces=((StaticMesh=None,ItemID=0,Quality=0),(StaticMesh=None,ItemID=0,Quality=0),(StaticMesh=None,ItemID=0,Quality=0),(StaticMesh=None,ItemID=0,Quality=0))))","0","15.000000"
17,"((ItemID=13,Name=""None"",Amount=15,Quality=0,SwordPieces=((StaticMesh=None,ItemID=0,Quality=0),(StaticMesh=None,ItemID=0,Quality=0),(StaticMesh=None,ItemID=0,Quality=0),(StaticMesh=None,ItemID=0,Quality=0))),(ItemID=9,Name=""None"",Amount=10,Quality=0,SwordPieces=((StaticMesh=None,ItemID=0,Quality=0),(StaticMesh=None,ItemID=0,Quality=0),(StaticMesh=None,ItemID=0,Quality=0),(StaticMesh=None,ItemID=0,Quality=0))))","((ItemID=9,Name=""None"",Amount=4,Quality=0,SwordPieces=((StaticMesh=None,ItemID=0,Quality=0),(StaticMesh=None,ItemID=0,Quality=0),(StaticMesh=None,ItemID=0,Quality=0),(StaticMesh=None,ItemID=0,Quality=0))),(ItemID=15,Name=""None"",Amount=2,Quality=0,SwordPieces=((StaticMesh=None,ItemID=0,Quality=0),(StaticMesh=None,ItemID=0,Quality=0),(StaticMesh=None,ItemID=0,Quality=0),(StaticMesh=None,ItemID=0,Quality=0))))","((ItemID=14,Name=""None"",Amount=1,Quality=0,SwordPieces=((StaticMesh=None,ItemID=0,Quality=0),(StaticMesh=None,ItemID=0,Quality=0),(StaticMesh=None,ItemID=0,Quality=0),(StaticMesh=None,ItemID=0,Quality=0))))","1","25.000000"
18,"((ItemID=13,Name=""None"",Amount=25,Quality=0,SwordPieces=((StaticMesh=None,ItemID=0,Quality=0),(StaticMesh=None,ItemID=0,Quality=0),(StaticMesh=None,ItemID=0,Quality=0),(StaticMesh=None,ItemID=0,Quality=0))))","((ItemID=15,Name=""None"",Amount=5,Quality=0,SwordPieces=((StaticMesh=None,ItemID=0,Quality=0),(StaticMesh=None,ItemID=0,Quality=0),(StaticMesh=None,ItemID=0,Quality=0),(StaticMesh=None,ItemID=0,Quality=0))))","((ItemID=1,Name=""None"",Amount=1,Quality=0,SwordPieces=((StaticMesh=None,ItemID=0,Quality=0),(StaticMesh=None,ItemID=0,Quality=0),(StaticMesh=None,ItemID=0,Quality=0),(StaticMesh=None,ItemID=0,Quality=0))))","1","25.000000"
19,"((ItemID=64,Name=""None"",Amount=1,Quality=0,SwordPieces=((StaticMesh=None,ItemID=0,Quality=0),(StaticMesh=None,ItemID=0,Quality=0),(StaticMesh=None,ItemID=0,Quality=0),(StaticMesh=None,ItemID=0,Quality=0))))","((ItemID=15,Name=""None"",Amount=1,Quality=0,SwordPieces=((StaticMesh=None,ItemID=0,Quality=0),(StaticMesh=None,ItemID=0,Quality=0),(StaticMesh=None,ItemID=0,Quality=0),(StaticMesh=None,ItemID=0,Quality=0))),(ItemID=9,Name=""None"",Amount=2,Quality=0,SwordPieces=((StaticMesh=None,ItemID=0,Quality=0),(StaticMesh=None,ItemID=0,Quality=0),(StaticMesh=None,ItemID=0,Quality=0),(StaticMesh=None,ItemID=0,Quality=0))))","((ItemID=69,Name=""None"",Amount=1,Quality=0,SwordPieces=((StaticMesh=None,ItemID=0,Quality=0),(StaticMesh=None,ItemID=0,Quality=0),(StaticMesh=None,ItemID=0,Quality=0),(StaticMesh=None,ItemID=0,Quality=0))))","2","4.000000"
20,"((ItemID=65,Name=""None"",Amount=1,Quality=0,SwordPieces=((StaticMesh=None,ItemID=0,Quality=0),(StaticMesh=None,ItemID=0,Quality=0),(StaticMesh=None,ItemID=0,Quality=0),(StaticMesh=None,ItemID=0,Quality=0))))","((ItemID=9,Name=""None"",Amount=2,Quality=0,SwordPieces=((StaticMesh=None,ItemID=0,Quality=0),(StaticMesh=None,ItemID=0,Quality=0),(StaticMesh=None,ItemID=0,Quality=0),(StaticMesh=None,ItemID=0,Quality=0))),(ItemID=15,Name=""None"",Amount=1,Quality=0,SwordPieces=((StaticMesh=None,ItemID=0,Quality=0),(StaticMesh=None,ItemID=0,Quality=0),(StaticMesh=None,ItemID=0,Quality=0),(StaticMesh=None,ItemID=0,Quality=0))))","((ItemID=70,Name=""None"",Amount=1,Quality=0,SwordPieces=((StaticMesh=None,ItemID=0,Quality=0),(StaticMesh=None,ItemID=0,Quality=0),(StaticMesh=None,ItemID=0,Quality=0),(StaticMesh=None,ItemID=0,Quality=0))))","0","5.000000"
21,"((ItemID=13,Name=""None"",Amount=25,Quality=0,SwordPieces=((StaticMesh=None,ItemID=0,Quality=0),(StaticMesh=None,ItemID=0,Quality=0),(StaticMesh=None,ItemID=0,Quality=0),(StaticMesh=None,ItemID=0,Quality=0))))","((ItemID=15,Name=""None"",Amount=4,Quality=0,SwordPieces=((StaticMesh=None,ItemID=0,Quality=0),(StaticMesh=None,ItemID=0,Quality=0),(StaticMesh=None,ItemID=0,Quality=0),(StaticMesh=None,ItemID=0,Quality=0))),(ItemID=9,Name=""None"",Amount=16,Quality=0,SwordPieces=((StaticMesh=None,ItemID=0,Quality=0),(StaticMesh=None,ItemID=0,Quality=0),(StaticMesh=None,ItemID=0,Quality=0),(StaticMesh=None,ItemID=0,Quality=0))))","((ItemID=16,Name=""None"",Amount=1,Quality=0,SwordPieces=((StaticMesh=None,ItemID=0,Quality=0),(StaticMesh=None,ItemID=0,Quality=0),(StaticMesh=None,ItemID=0,Quality=0),(StaticMesh=None,ItemID=0,Quality=0))))","1","30.000000"
22,"((ItemID=13,Name=""None"",Amount=45,Quality=0,SwordPieces=((StaticMesh=None,ItemID=0,Quality=0),(StaticMesh=None,ItemID=0,Quality=0),(StaticMesh=None,ItemID=0,Quality=0),(StaticMesh=None,ItemID=0,Quality=0))))","((ItemID=15,Name=""None"",Amount=4,Quality=0,SwordPieces=((StaticMesh=None,ItemID=0,Quality=0),(StaticMesh=None,ItemID=0,Quality=0),(StaticMesh=None,ItemID=0,Quality=0),(StaticMesh=None,ItemID=0,Quality=0))),(ItemID=9,Name=""None"",Amount=16,Quality=0,SwordPieces=((StaticMesh=None,ItemID=0,Quality=0),(StaticMesh=None,ItemID=0,Quality=0),(StaticMesh=None,ItemID=0,Quality=0),(StaticMesh=None,ItemID=0,Quality=0))))","((ItemID=17,Name=""None"",Amount=1,Quality=0,SwordPieces=((StaticMesh=None,ItemID=0,Quality=0),(StaticMesh=None,ItemID=0,Quality=0),(StaticMesh=None,ItemID=0,Quality=0),(StaticMesh=None,ItemID=0,Quality=0))))","1","30.000000"
23,"((ItemID=13,Name=""None"",Amount=60,Quality=0,SwordPieces=((StaticMesh=None,ItemID=0,Quality=0),(StaticMesh=None,ItemID=0,Quality=0),(StaticMesh=None,ItemID=0,Quality=0),(StaticMesh=None,ItemID=0,Quality=0))))","((ItemID=15,Name=""None"",Amount=4,Quality=0,SwordPieces=((StaticMesh=None,ItemID=0,Quality=0),(StaticMesh=None,ItemID=0,Quality=0),(StaticMesh=None,ItemID=0,Quality=0),(StaticMesh=None,ItemID=0,Quality=0))),(ItemID=9,Name=""None"",Amount=16,Quality=0,SwordPieces=((StaticMesh=None,ItemID=0,Quality=0),(StaticMesh=None,ItemID=0,Quality=0),(StaticMesh=None,ItemID=0,Quality=0),(StaticMesh=None,ItemID=0,Quality=0))))","((ItemID=1,Name=""None"",Amount=1,Quality=0,SwordPieces=((StaticMesh=None,ItemID=0,Quality=0),(StaticMesh=None,ItemID=0,Quality=0),(StaticMesh=None,ItemID=0,Quality=0),(StaticMesh=None,ItemID=0,Quality=0))))","1","30.000000"
24,"((ItemID=13,Name=""None"",Amount=3,Quality=0,SwordPieces=((StaticMesh=None,ItemID=0,Quality=0),(StaticMesh=None,ItemID=0,Quality=0),(StaticMesh=None,ItemID=0,Quality=0),(StaticMesh=None,ItemID=0,Quality=0))),(ItemID=9,Name=""None"",Amount=15,Quality=0,SwordPieces=((StaticMesh=None,ItemID=0,Quality=0),(StaticMesh=None,ItemID=0,Quality=0),(StaticMesh=None,ItemID=0,Quality=0),(StaticMesh=None,ItemID=0,Quality=0))))","((ItemID=15,Name=""None"",Amount=1,Quality=0,SwordPieces=((StaticMesh=None,ItemID=0,Quality=0),(StaticMesh=None,ItemID=0,Quality=0),(StaticMesh=None,ItemID=0,Quality=0),(StaticMesh=None,ItemID=0,Quality=0))),(ItemID=9,Name=""None"",Amount=4,Quality=0,SwordPieces=((StaticMesh=None,ItemID=0,Quality=0),(StaticMesh=None,ItemID=0,Quality=0),(StaticMesh=None,ItemID=0,Quality=0),(StaticMesh=None,ItemID=0,Quality=0))))","((ItemID=78,Name=""None"",Amount=1,Quality=0,SwordPieces=((StaticMesh=None,ItemID=0,Quality=0),(StaticMesh=None,ItemID=0,Quality=0),(StaticMesh=None,ItemID=0,Quality=0),(StaticMesh=None,ItemID=0,Quality=0))))","1","25.000000"
25,"((ItemID=13,Name=""None"",Amount=1,Quality=0,SwordPieces=((StaticMesh=None,ItemID=0,Quality=0),(StaticMesh=None,ItemID=0,Quality=0),(StaticMesh=None,ItemID=0,Quality=0),(StaticMesh=None,ItemID=0,Quality=0))),(ItemID=9,Name=""None"",Amount=15,Quality=0,SwordPieces=((StaticMesh=None,ItemID=0,Quality=0),(StaticMesh=None,ItemID=0,Quality=0),(StaticMesh=None,ItemID=0,Quality=0),(StaticMesh=None,ItemID=0,Quality=0))))","((ItemID=15,Name=""None"",Amount=1,Quality=0,SwordPieces=((StaticMesh=None,ItemID=0,Quality=0),(StaticMesh=None,ItemID=0,Quality=0),(StaticMesh=None,ItemID=0,Quality=0),(StaticMesh=None,ItemID=0,Quality=0))),(ItemID=9,Name=""None"",Amount=4,Quality=0,SwordPieces=((StaticMesh=None,ItemID=0,Quality=0),(StaticMesh=None,ItemID=0,Quality=0),(StaticMesh=None,ItemID=0,Quality=0),(StaticMesh=None,ItemID=0,Quality=0))))","((ItemID=3,Name=""None"",Amount=1,Quality=0,SwordPieces=((StaticMesh=None,ItemID=0,Quality=0),(StaticMesh=None,ItemID=0,Quality=0),(StaticMesh=None,ItemID=0,Quality=0),(StaticMesh=None,ItemID=0,Quality=0))))","1","25.000000"
26,"((ItemID=13,Name=""None"",Amount=1,Quality=0,SwordPieces=((StaticMesh=None,ItemID=0,Quality=0),(StaticMesh=None,ItemID=0,Quality=0),(StaticMesh=None,ItemID=0,Quality=0),(StaticMesh=None,ItemID=0,Quality=0))),(ItemID=9,Name=""None"",Amount=10,Quality=0,SwordPieces=((StaticMesh=None,ItemID=0,Quality=0),(StaticMesh=None,ItemID=0,Quality=0),(StaticMesh=None,ItemID=0,Quality=0),(StaticMesh=None,ItemID=0,Quality=0))))","((ItemID=15,Name=""None"",Amount=1,Quality=0,SwordPieces=((StaticMesh=None,ItemID=0,Quality=0),(StaticMesh=None,ItemID=0,Quality=0),(StaticMesh=None,ItemID=0,Quality=0),(StaticMesh=None,ItemID=0,Quality=0))),(ItemID=9,Name=""None"",Amount=4,Quality=0,SwordPieces=((StaticMesh=None,ItemID=0,Quality=0),(StaticMesh=None,ItemID=0,Quality=0),(StaticMesh=None,ItemID=0,Quality=0),(StaticMesh=None,ItemID=0,Quality=0))))","((ItemID=18,Name=""None"",Amount=1,Quality=0,SwordPieces=((StaticMesh=None,ItemID=0,Quality=0),(StaticMesh=None,ItemID=0,Quality=0),(StaticMesh=None,ItemID=0,Quality=0),(StaticMesh=None,ItemID=0,Quality=0))))","1","25.000000"
27,"((ItemID=7,Name=""None"",Amount=1,Quality=0,SwordPieces=((StaticMesh=None,ItemID=0,Quality=0),(StaticMesh=None,ItemID=0,Quality=0),(StaticMesh=None,ItemID=0,Quality=0),(StaticMesh=None,ItemID=0,Quality=0))))","((ItemID=9,Name=""None"",Amount=2,Quality=0,SwordPieces=((StaticMesh=None,ItemID=0,Quality=0),(StaticMesh=None,ItemID=0,Quality=0),(StaticMesh=None,ItemID=0,Quality=0),(StaticMesh=None,ItemID=0,Quality=0))),(ItemID=2,Name=""None"",Amount=2,Quality=0,SwordPieces=((StaticMesh=None,ItemID=0,Quality=0),(StaticMesh=None,ItemID=0,Quality=0),(StaticMesh=None,ItemID=0,Quality=0),(StaticMesh=None,ItemID=0,Quality=0))))","((ItemID=71,Name=""None"",Amount=1,Quality=0,SwordPieces=((StaticMesh=None,ItemID=0,Quality=0),(StaticMesh=None,ItemID=0,Quality=0),(StaticMesh=None,ItemID=0,Quality=0),(StaticMesh=None,ItemID=0,Quality=0))))","0","4.000000"
28,"((ItemID=61,Name=""None"",Amount=1,Quality=0,SwordPieces=((StaticMesh=None,ItemID=0,Quality=0),(StaticMesh=None,ItemID=0,Quality=0),(StaticMesh=None,ItemID=0,Quality=0),(StaticMesh=None,ItemID=0,Quality=0))))","((ItemID=15,Name=""None"",Amount=1,Quality=0,SwordPieces=((StaticMesh=None,ItemID=0,Quality=0),(StaticMesh=None,ItemID=0,Quality=0),(StaticMesh=None,ItemID=0,Quality=0),(StaticMesh=None,ItemID=0,Quality=0))),(ItemID=9,Name=""None"",Amount=2,Quality=0,SwordPieces=((StaticMesh=None,ItemID=0,Quality=0),(StaticMesh=None,ItemID=0,Quality=0),(StaticMesh=None,ItemID=0,Quality=0),(StaticMesh=None,ItemID=0,Quality=0))),(ItemID=2,Name=""None"",Amount=4,Quality=0,SwordPieces=((StaticMesh=None,ItemID=0,Quality=0),(StaticMesh=None,ItemID=0,Quality=0),(StaticMesh=None,ItemID=0,Quality=0),(StaticMesh=None,ItemID=0,Quality=0))))","((ItemID=66,Name=""None"",Amount=1,Quality=0,SwordPieces=((StaticMesh=None,ItemID=0,Quality=0),(StaticMesh=None,ItemID=0,Quality=0),(StaticMesh=None,ItemID=0,Quality=0),(StaticMesh=None,ItemID=0,Quality=0))))","2","4.000000"
29,"((ItemID=9,Name=""None"",Amount=8,Quality=0,SwordPieces=((StaticMesh=None,ItemID=0,Quality=0),(StaticMesh=None,ItemID=0,Quality=0),(StaticMesh=None,ItemID=0,Quality=0),(StaticMesh=None,ItemID=0,Quality=0))))","((ItemID=0,Name=""None"",Amount=0,Quality=0,SwordPieces=((StaticMesh=None,ItemID=0,Quality=0),(StaticMesh=None,ItemID=0,Quality=0),(StaticMesh=None,ItemID=0,Quality=0),(StaticMesh=None,ItemID=0,Quality=0))))","((ItemID=97,Name=""None"",Amount=1,Quality=0,SwordPieces=((StaticMesh=None,ItemID=0,Quality=0),(StaticMesh=None,ItemID=0,Quality=0),(StaticMesh=None,ItemID=0,Quality=0),(StaticMesh=None,ItemID=0,Quality=0))))","3","4.000000"
30,"((ItemID=31,Name=""None"",Amount=4,Quality=0,SwordPieces=((StaticMesh=None,ItemID=0,Quality=0),(StaticMesh=None,ItemID=0,Quality=0),(StaticMesh=None,ItemID=0,Quality=0),(StaticMesh=None,ItemID=0,Quality=0))),(ItemID=97,Name=""None"",Amount=1,Quality=0,SwordPieces=((StaticMesh=None,ItemID=0,Quality=0),(StaticMesh=None,ItemID=0,Quality=0),(StaticMesh=None,ItemID=0,Quality=0),(StaticMesh=None,ItemID=0,Quality=0))))","((ItemID=15,Name=""None"",Amount=2,Quality=0,SwordPieces=((StaticMesh=None,ItemID=0,Quality=0),(StaticMesh=None,ItemID=0,Quality=0),(StaticMesh=None,ItemID=0,Quality=0),(StaticMesh=None,ItemID=0,Quality=0))),(ItemID=9,Name=""None"",Amount=4,Quality=0,SwordPieces=((StaticMesh=None,ItemID=0,Quality=0),(StaticMesh=None,ItemID=0,Quality=0),(StaticMesh=None,ItemID=0,Quality=0),(StaticMesh=None,ItemID=0,Quality=0))),(ItemID=2,Name=""None"",Amount=16,Quality=0,SwordPieces=((StaticMesh=None,ItemID=0,Quality=0),(StaticMesh=None,ItemID=0,Quality=0),(StaticMesh=None,ItemID=0,Quality=0),(StaticMesh=None,ItemID=0,Quality=0))))","((ItemID=98,Name=""None"",Amount=1,Quality=0,SwordPieces=((StaticMesh=None,ItemID=0,Quality=0),(StaticMesh=None,ItemID=0,Quality=0),(StaticMesh=None,ItemID=0,Quality=0),(StaticMesh=None,ItemID=0,Quality=0))))","2","4.000000"
31,"((ItemID=13,Name=""None"",Amount=7,Quality=0,SwordPieces=((StaticMesh=None,ItemID=0,Quality=0),(StaticMesh=None,ItemID=0,Quality=0),(StaticMesh=None,ItemID=0,Quality=0),(StaticMesh=None,ItemID=0,Quality=0))))","((ItemID=15,Name=""None"",Amount=5,Quality=0,SwordPieces=((StaticMesh=None,ItemID=0,Quality=0),(StaticMesh=None,ItemID=0,Quality=0),(StaticMesh=None,ItemID=0,Quality=0),(StaticMesh=None,ItemID=0,Quality=0))),(ItemID=9,Name=""None"",Amount=20,Quality=0,SwordPieces=((StaticMesh=None,ItemID=0,Quality=0),(StaticMesh=None,ItemID=0,Quality=0),(StaticMesh=None,ItemID=0,Quality=0),(StaticMesh=None,ItemID=0,Quality=0))),(ItemID=2,Name=""None"",Amount=100,Quality=0,SwordPieces=((StaticMesh=None,ItemID=0,Quality=0),(StaticMesh=None,ItemID=0,Quality=0),(StaticMesh=None,ItemID=0,Quality=0),(StaticMesh=None,ItemID=0,Quality=0))))","((ItemID=79,Name=""None"",Amount=1,Quality=0,SwordPieces=((StaticMesh=None,ItemID=0,Quality=0),(StaticMesh=None,ItemID=0,Quality=0),(StaticMesh=None,ItemID=0,Quality=0),(StaticMesh=None,ItemID=0,Quality=0))))","1","12.000000"
32,"((ItemID=13,Name=""None"",Amount=7,Quality=0,SwordPieces=((StaticMesh=None,ItemID=0,Quality=0),(StaticMesh=None,ItemID=0,Quality=0),(StaticMesh=None,ItemID=0,Quality=0),(StaticMesh=None,ItemID=0,Quality=0))))","((ItemID=15,Name=""None"",Amount=5,Quality=0,SwordPieces=((StaticMesh=None,ItemID=0,Quality=0),(StaticMesh=None,ItemID=0,Quality=0),(StaticMesh=None,ItemID=0,Quality=0),(StaticMesh=None,ItemID=0,Quality=0))),(ItemID=9,Name=""None"",Amount=20,Quality=0,SwordPieces=((StaticMesh=None,ItemID=0,Quality=0),(StaticMesh=None,ItemID=0,Quality=0),(StaticMesh=None,ItemID=0,Quality=0),(StaticMesh=None,ItemID=0,Quality=0))),(ItemID=2,Name=""None"",Amount=100,Quality=0,SwordPieces=((StaticMesh=None,ItemID=0,Quality=0),(StaticMesh=None,ItemID=0,Quality=0),(StaticMesh=None,ItemID=0,Quality=0),(StaticMesh=None,ItemID=0,Quality=0))))","((ItemID=80,Name=""None"",Amount=1,Quality=0,SwordPieces=((StaticMesh=None,ItemID=0,Quality=0),(StaticMesh=None,ItemID=0,Quality=0),(StaticMesh=None,ItemID=0,Quality=0),(StaticMesh=None,ItemID=0,Quality=0))))","1","12.000000"
33,"((ItemID=125,Name=""None"",Amount=1,Quality=0,SwordPieces=((StaticMesh=None,ItemID=0,Quality=0),(StaticMesh=None,ItemID=0,Quality=0),(StaticMesh=None,ItemID=0,Quality=0),(StaticMesh=None,ItemID=0,Quality=0))),(ItemID=13,Name=""None"",Amount=50,Quality=0,SwordPieces=((StaticMesh=None,ItemID=0,Quality=0),(StaticMesh=None,ItemID=0,Quality=0),(StaticMesh=None,ItemID=0,Quality=0),(StaticMesh=None,ItemID=0,Quality=0))))","((ItemID=15,Name=""None"",Amount=30,Quality=0,SwordPieces=((StaticMesh=None,ItemID=0,Quality=0),(StaticMesh=None,ItemID=0,Quality=0),(StaticMesh=None,ItemID=0,Quality=0),(StaticMesh=None,ItemID=0,Quality=0))))","((ItemID=100,Name=""None"",Amount=1,Quality=0,SwordPieces=((StaticMesh=None,ItemID=0,Quality=0),(StaticMesh=None,ItemID=0,Quality=0),(StaticMesh=None,ItemID=0,Quality=0),(StaticMesh=None,ItemID=0,Quality=0))))","1","120.000000"
34,"((ItemID=15,Name=""None"",Amount=25,Quality=0,SwordPieces=((StaticMesh=None,ItemID=0,Quality=0),(StaticMesh=None,ItemID=0,Quality=0),(StaticMesh=None,ItemID=0,Quality=0),(StaticMesh=None,ItemID=0,Quality=0))))","((ItemID=15,Name=""None"",Amount=2,Quality=0,SwordPieces=((StaticMesh=None,ItemID=0,Quality=0),(StaticMesh=None,ItemID=0,Quality=0),(StaticMesh=None,ItemID=0,Quality=0),(StaticMesh=None,ItemID=0,Quality=0))))","((ItemID=141,Name=""None"",Amount=4,Quality=0,SwordPieces=((StaticMesh=None,ItemID=0,Quality=0),(StaticMesh=None,ItemID=0,Quality=0),(StaticMesh=None,ItemID=0,Quality=0),(StaticMesh=None,ItemID=0,Quality=0))))","0","2.000000"
35,"((ItemID=134,Name=""None"",Amount=4,Quality=0,SwordPieces=((StaticMesh=None,ItemID=0,Quality=0),(StaticMesh=None,ItemID=0,Quality=0),(StaticMesh=None,ItemID=0,Quality=0),(StaticMesh=None,ItemID=0,Quality=0))))","((ItemID=15,Name=""None"",Amount=1,Quality=0,SwordPieces=((StaticMesh=None,ItemID=0,Quality=0),(StaticMesh=None,ItemID=0,Quality=0),(StaticMesh=None,ItemID=0,Quality=0),(StaticMesh=None,ItemID=0,Quality=0))),(ItemID=9,Name=""None"",Amount=2,Quality=0,SwordPieces=((StaticMesh=None,ItemID=0,Quality=0),(StaticMesh=None,ItemID=0,Quality=0),(StaticMesh=None,ItemID=0,Quality=0),(StaticMesh=None,ItemID=0,Quality=0))))","((ItemID=135,Name=""None"",Amount=1,Quality=0,SwordPieces=((StaticMesh=None,ItemID=0,Quality=0),(StaticMesh=None,ItemID=0,Quality=0),(StaticMesh=None,ItemID=0,Quality=0),(StaticMesh=None,ItemID=0,Quality=0))))","0","2.000000"
36,"((ItemID=131,Name=""None"",Amount=2,Quality=0,SwordPieces=((StaticMesh=None,ItemID=0,Quality=0),(StaticMesh=None,ItemID=0,Quality=0),(StaticMesh=None,ItemID=0,Quality=0),(StaticMesh=None,ItemID=0,Quality=0))))","((ItemID=129,Name=""None"",Amount=1,Quality=0,SwordPieces=((StaticMesh=None,ItemID=0,Quality=0),(StaticMesh=None,ItemID=0,Quality=0),(StaticMesh=None,ItemID=0,Quality=0),(StaticMesh=None,ItemID=0,Quality=0))))","((ItemID=132,Name=""None"",Amount=2,Quality=0,SwordPieces=((StaticMesh=None,ItemID=0,Quality=0),(StaticMesh=None,ItemID=0,Quality=0),(StaticMesh=None,ItemID=0,Quality=0),(StaticMesh=None,ItemID=0,Quality=0))))","0","2.000000"
37,"((ItemID=133,Name=""None"",Amount=1,Quality=0,SwordPieces=((StaticMesh=None,ItemID=0,Quality=0),(StaticMesh=None,ItemID=0,Quality=0),(StaticMesh=None,ItemID=0,Quality=0),(StaticMesh=None,ItemID=0,Quality=0))))","((ItemID=141,Name=""None"",Amount=1,Quality=0,SwordPieces=((StaticMesh=None,ItemID=0,Quality=0),(StaticMesh=None,ItemID=0,Quality=0),(StaticMesh=None,ItemID=0,Quality=0),(StaticMesh=None,ItemID=0,Quality=0))))","((ItemID=134,Name=""None"",Amount=1,Quality=0,SwordPieces=((StaticMesh=None,ItemID=0,Quality=0),(StaticMesh=None,ItemID=0,Quality=0),(StaticMesh=None,ItemID=0,Quality=0),(StaticMesh=None,ItemID=0,Quality=0))),(ItemID=130,Name=""None"",Amount=1,Quality=0,SwordPieces=((StaticMesh=None,ItemID=0,Quality=0),(StaticMesh=None,ItemID=0,Quality=0),(StaticMesh=None,ItemID=0,Quality=0),(StaticMesh=None,ItemID=0,Quality=0))))","0","2.000000"
38,"((ItemID=127,Name=""None"",Amount=1,Quality=0,SwordPieces=((StaticMesh=None,ItemID=0,Quality=0),(StaticMesh=None,ItemID=0,Quality=0),(StaticMesh=None,ItemID=0,Quality=0),(StaticMesh=None,ItemID=0,Quality=0))))","((ItemID=15,Name=""None"",Amount=1,Quality=0,SwordPieces=((StaticMesh=None,ItemID=0,Quality=0),(StaticMesh=None,ItemID=0,Quality=0),(StaticMesh=None,ItemID=0,Quality=0),(StaticMesh=None,ItemID=0,Quality=0))))","((ItemID=128,Name=""None"",Amount=0,Quality=0,SwordPieces=((StaticMesh=None,ItemID=0,Quality=0),(StaticMesh=None,ItemID=0,Quality=0),(StaticMesh=None,ItemID=0,Quality=0),(StaticMesh=None,ItemID=0,Quality=0))))","0","2.000000"
39,"((ItemID=128,Name=""None"",Amount=1,Quality=0,SwordPieces=((StaticMesh=None,ItemID=0,Quality=0),(StaticMesh=None,ItemID=0,Quality=0),(StaticMesh=None,ItemID=0,Quality=0),(StaticMesh=None,ItemID=0,Quality=0))),(ItemID=130,Name=""None"",Amount=1,Quality=0,SwordPieces=((StaticMesh=None,ItemID=0,Quality=0),(StaticMesh=None,ItemID=0,Quality=0),(StaticMesh=None,ItemID=0,Quality=0),(StaticMesh=None,ItemID=0,Quality=0))))","((ItemID=15,Name=""None"",Amount=1,Quality=0,SwordPieces=((StaticMesh=None,ItemID=0,Quality=0),(StaticMesh=None,ItemID=0,Quality=0),(StaticMesh=None,ItemID=0,Quality=0),(StaticMesh=None,ItemID=0,Quality=0))))","((ItemID=131,Name=""None"",Amount=1,Quality=0,SwordPieces=((StaticMesh=None,ItemID=0,Quality=0),(StaticMesh=None,ItemID=0,Quality=0),(StaticMesh=None,ItemID=0,Quality=0),(StaticMesh=None,ItemID=0,Quality=0))))","0","2.000000"
40,"((ItemID=135,Name=""None"",Amount=55,Quality=0,SwordPieces=((StaticMesh=None,ItemID=0,Quality=0),(StaticMesh=None,ItemID=0,Quality=0),(StaticMesh=None,ItemID=0,Quality=0),(StaticMesh=None,ItemID=0,Quality=0))),(ItemID=132,Name=""None"",Amount=220,Quality=0,SwordPieces=((StaticMesh=None,ItemID=0,Quality=0),(StaticMesh=None,ItemID=0,Quality=0),(StaticMesh=None,ItemID=0,Quality=0),(StaticMesh=None,ItemID=0,Quality=0))),(ItemID=13,Name=""None"",Amount=2970,Quality=0,SwordPieces=((StaticMesh=None,ItemID=0,Quality=0),(StaticMesh=None,ItemID=0,Quality=0),(StaticMesh=None,ItemID=0,Quality=0),(StaticMesh=None,ItemID=0,Quality=0))))","((ItemID=141,Name=""None"",Amount=110,Quality=0,SwordPieces=((StaticMesh=None,ItemID=0,Quality=0),(StaticMesh=None,ItemID=0,Quality=0),(StaticMesh=None,ItemID=0,Quality=0),(StaticMesh=None,ItemID=0,Quality=0))))","((ItemID=121,Name=""None"",Amount=1,Quality=0,SwordPieces=((StaticMesh=None,ItemID=0,Quality=0),(StaticMesh=None,ItemID=0,Quality=0),(StaticMesh=None,ItemID=0,Quality=0),(StaticMesh=None,ItemID=0,Quality=0))))","1","240.000000"
41,"((ItemID=135,Name=""None"",Amount=80,Quality=0,SwordPieces=((StaticMesh=None,ItemID=0,Quality=0),(StaticMesh=None,ItemID=0,Quality=0),(StaticMesh=None,ItemID=0,Quality=0),(StaticMesh=None,ItemID=0,Quality=0))),(ItemID=132,Name=""None"",Amount=320,Quality=0,SwordPieces=((StaticMesh=None,ItemID=0,Quality=0),(StaticMesh=None,ItemID=0,Quality=0),(StaticMesh=None,ItemID=0,Quality=0),(StaticMesh=None,ItemID=0,Quality=0))),(ItemID=13,Name=""None"",Amount=4320,Quality=0,SwordPieces=((StaticMesh=None,ItemID=0,Quality=0),(StaticMesh=None,ItemID=0,Quality=0),(StaticMesh=None,ItemID=0,Quality=0),(StaticMesh=None,ItemID=0,Quality=0))))","((ItemID=141,Name=""None"",Amount=160,Quality=0,SwordPieces=((StaticMesh=None,ItemID=0,Quality=0),(StaticMesh=None,ItemID=0,Quality=0),(StaticMesh=None,ItemID=0,Quality=0),(StaticMesh=None,ItemID=0,Quality=0))))","((ItemID=122,Name=""None"",Amount=1,Quality=0,SwordPieces=((StaticMesh=None,ItemID=0,Quality=0),(StaticMesh=None,ItemID=0,Quality=0),(StaticMesh=None,ItemID=0,Quality=0),(StaticMesh=None,ItemID=0,Quality=0))))","1","240.000000"
40_1,"((ItemID=135,Name=""None"",Amount=70,Quality=0,SwordPieces=((StaticMesh=None,ItemID=0,Quality=0),(StaticMesh=None,ItemID=0,Quality=0),(StaticMesh=None,ItemID=0,Quality=0),(StaticMesh=None,ItemID=0,Quality=0))),(ItemID=132,Name=""None"",Amount=280,Quality=0,SwordPieces=((StaticMesh=None,ItemID=0,Quality=0),(StaticMesh=None,ItemID=0,Quality=0),(StaticMesh=None,ItemID=0,Quality=0),(StaticMesh=None,ItemID=0,Quality=0))),(ItemID=13,Name=""None"",Amount=3780,Quality=0,SwordPieces=((StaticMesh=None,ItemID=0,Quality=0),(StaticMesh=None,ItemID=0,Quality=0),(StaticMesh=None,ItemID=0,Quality=0),(StaticMesh=None,ItemID=0,Quality=0))))","((ItemID=141,Name=""None"",Amount=140,Quality=0,SwordPieces=((StaticMesh=None,ItemID=0,Quality=0),(StaticMesh=None,ItemID=0,Quality=0),(StaticMesh=None,ItemID=0,Quality=0),(StaticMesh=None,ItemID=0,Quality=0))))","((ItemID=123,Name=""None"",Amount=1,Quality=0,SwordPieces=((StaticMesh=None,ItemID=0,Quality=0),(StaticMesh=None,ItemID=0,Quality=0),(StaticMesh=None,ItemID=0,Quality=0),(StaticMesh=None,ItemID=0,Quality=0))))","1","240.000000"
40_2,"((ItemID=135,Name=""None"",Amount=45,Quality=0,SwordPieces=((StaticMesh=None,ItemID=0,Quality=0),(StaticMesh=None,ItemID=0,Quality=0),(StaticMesh=None,ItemID=0,Quality=0),(StaticMesh=None,ItemID=0,Quality=0))),(ItemID=132,Name=""None"",Amount=180,Quality=0,SwordPieces=((StaticMesh=None,ItemID=0,Quality=0),(StaticMesh=None,ItemID=0,Quality=0),(StaticMesh=None,ItemID=0,Quality=0),(StaticMesh=None,ItemID=0,Quality=0))),(ItemID=13,Name=""None"",Amount=2430,Quality=0,SwordPieces=((StaticMesh=None,ItemID=0,Quality=0),(StaticMesh=None,ItemID=0,Quality=0),(StaticMesh=None,ItemID=0,Quality=0),(StaticMesh=None,ItemID=0,Quality=0))))","((ItemID=141,Name=""None"",Amount=90,Quality=0,SwordPieces=((StaticMesh=None,ItemID=0,Quality=0),(StaticMesh=None,ItemID=0,Quality=0),(StaticMesh=None,ItemID=0,Quality=0),(StaticMesh=None,ItemID=0,Quality=0))))","((ItemID=124,Name=""None"",Amount=1,Quality=0,SwordPieces=((StaticMesh=None,ItemID=0,Quality=0),(StaticMesh=None,ItemID=0,Quality=0),(StaticMesh=None,ItemID=0,Quality=0),(StaticMesh=None,ItemID=0,Quality=0))))","1","240.000000"
